{"count":1,"gauges":{},"self":13.215648,"total":13.3346,"children":{"AgentSendState":{"count":656,"self":0.017992599999999997,"total":0.095984099999999989,"children":{"CollectObservations":{"count":1056,"self":0.0059968999999999995,"total":0.0059968999999999995,"children":null},"CollectDiscreteActionMasks":{"count":1056,"self":0,"total":0,"children":null},"RayPerceptionSensor.Perceive":{"count":3168,"self":0.071994599999999992,"total":0.071994599999999992,"children":null}}},"DecideAction":{"count":656,"self":0.0029862,"total":0.0029862,"children":null},"AgentAct":{"count":656,"self":0.0189819,"total":0.0189819,"children":null}}}